﻿<?xml version="1.0" encoding="utf-8"?><ManagementPack ContentReadable="true" SchemaVersion="2.0" OriginalSchemaVersion="1.1" xmlns:xsd="http://www.w3.org/2001/XMLSchema" xmlns:xsl="http://www.w3.org/1999/XSL/Transform">
  <Manifest>
    <Identity>
      <ID>Configuration.Manager.Service.Window.Maintenance.Mode.Automation.Overrides</ID>
      <Version>1.0.0.1</Version>
    </Identity>
    <Name>Configuration Manager Service Window Maintenance Mode Automation (Overrides)</Name>
    <References>
      <Reference Alias="WindowsLibrary">
        <ID>Microsoft.Windows.Library</ID>
        <Version>7.5.8501.0</Version>
        <PublicKeyToken>31bf3856ad364e35</PublicKeyToken>
      </Reference>
      <Reference Alias="InstanceGroupLibrary">
        <ID>Microsoft.SystemCenter.InstanceGroup.Library</ID>
        <Version>7.5.8501.0</Version>
        <PublicKeyToken>31bf3856ad364e35</PublicKeyToken>
      </Reference>
      <Reference Alias="SystemCenter">
        <ID>Microsoft.SystemCenter.Library</ID>
        <Version>7.0.8433.0</Version>
        <PublicKeyToken>31bf3856ad364e35</PublicKeyToken>
      </Reference>
      <Reference Alias="ServiceWindow">
        <ID>ConfigurationManager.ServiceWindow.MaintenanceMode.Automation</ID>
        <Version>1.0.1.22</Version>
        <PublicKeyToken>169de89b730ab19f</PublicKeyToken>
      </Reference>
    </References>
  </Manifest>
  <TypeDefinitions>
    <EntityTypes>
      <ClassTypes>
        <ClassType ID="Disabled.CfgMgr.Service.Window.SCOM.Maintenance.Mode.Automation.Group" Accessibility="Public" Abstract="false" Base="InstanceGroupLibrary!Microsoft.SystemCenter.InstanceGroup" Hosted="false" Singleton="true" Extension="false" />
      </ClassTypes>
    </EntityTypes>
  </TypeDefinitions>
  <Monitoring>
    <Discoveries>
      <Discovery ID="Disabled.CfgMgr.Service.Window.SCOM.Maintenance.Mode.Automation.Group.DiscoveryRule" Enabled="true" Target="Disabled.CfgMgr.Service.Window.SCOM.Maintenance.Mode.Automation.Group" ConfirmDelivery="false" Remotable="true" Priority="Normal">
        <Category>Discovery</Category>
        <DiscoveryTypes>
          <DiscoveryRelationship TypeID="InstanceGroupLibrary!Microsoft.SystemCenter.InstanceGroupContainsEntities" />
        </DiscoveryTypes>
        <DataSource ID="GroupPopulationDataSource" TypeID="SystemCenter!Microsoft.SystemCenter.GroupPopulator">
          <RuleId>$MPElement$</RuleId>
          <GroupInstanceId>$MPElement[Name="Disabled.CfgMgr.Service.Window.SCOM.Maintenance.Mode.Automation.Group"]$</GroupInstanceId>
          <MembershipRules>
            <MembershipRule>
              <MonitoringClass>$MPElement[Name="WindowsLibrary!Microsoft.Windows.Computer"]$</MonitoringClass>
              <RelationshipClass>$MPElement[Name="InstanceGroupLibrary!Microsoft.SystemCenter.InstanceGroupContainsEntities"]$</RelationshipClass>
              <Expression>
                <RegExExpression>
                  <ValueExpression>
                    <Property>$MPElement[Name="WindowsLibrary!Microsoft.Windows.Computer"]/PrincipalName$</Property>
                  </ValueExpression>
                  <Operator>MatchesWildcard</Operator>
                  <Pattern>*</Pattern>
                </RegExExpression>
              </Expression>
            </MembershipRule>
          </MembershipRules>
        </DataSource>
      </Discovery>
    </Discoveries>
    <Overrides>
      <RulePropertyOverride ID="OverrideForRuleConfigurationManagerServiceWindowMaintenanceModeAutomationAgentInitiatedRuleForContextDisabledCfgMgrServiceWindowSCOMMaintenanceModeAutomationGroupa53676f1f3074a2d8cfbf5751f62e08a" Context="Disabled.CfgMgr.Service.Window.SCOM.Maintenance.Mode.Automation.Group" ContextInstance="f0e838b2-1a28-d618-6c7e-4954b0386ce7" Enforced="false" Rule="ServiceWindow!ConfigurationManager.ServiceWindow.MaintenanceMode.Automation.AgentInitiated.Rule" Property="Enabled">
        <Value>false</Value>
      </RulePropertyOverride>
    </Overrides>
  </Monitoring>
  <LanguagePacks>
    <LanguagePack ID="ENU" IsDefault="false">
      <DisplayStrings>
        <DisplayString ElementID="Configuration.Manager.Service.Window.Maintenance.Mode.Automation.Overrides">
          <Name>Configuration Manager Service Window Maintenance Mode Automation (Overrides)</Name>
          <Description>Configuration Manager Service Window Maintenance Mode Automation Override Mangement Pack includes a Wildcard Group which includes all systems. There is an override on this group to disable the "SCOM Agent Initiated Maintenance Mode Rule for Active SCCM Service Windows" rule for all systems contained in that group. If you want to test the functionality of the rule, open the group, click the "Excluded Members" tab, click the "Exclude objects" button, change the "Search For:" to "Windows Computers" and type in the system you are looking for in the "Filter by Part of name" field. Add the selected item and click "OK". If you want to enable the Automation functionality for all systems, just remove the override.</Description>
        </DisplayString>
        <DisplayString ElementID="Disabled.CfgMgr.Service.Window.SCOM.Maintenance.Mode.Automation.Group">
          <Name>Disabled CfgMgr Service Window SCOM Maintenance Mode Automation Group</Name>
          <Description>Configuration Manager Service Window Maintenance Mode Automation Override Mangement Pack includes a Wildcard Group which includes all systems. There is an override on this group to disable the "SCOM Agent Initiated Maintenance Mode Rule for Active SCCM Service Windows" rule for all systems contained in that group. If you want to test the functionality of the rule, open the group, click the "Excluded Members" tab, click the "Exclude objects" button, change the "Search For:" to "Windows Computers" and type in the system you are looking for in the "Filter by Part of name" field. Add the selected item and click "OK". If you want to enable the Automation functionality for all systems, just remove the override. </Description>
        </DisplayString>
        <DisplayString ElementID="Disabled.CfgMgr.Service.Window.SCOM.Maintenance.Mode.Automation.Group.DiscoveryRule">
          <Name>Populate Disabled CfgMgr Service Window SCOM Maintenance Mode Automation Group</Name>
          <Description>This discovery rule populates the group 'Disabled CfgMgr Service Window SCOM Maintenance Mode Automation Group'</Description>
        </DisplayString>
      </DisplayStrings>
    </LanguagePack>
  </LanguagePacks>
</ManagementPack>